{"input_values": {"values": {"di": {"disgenet.genes_related_to_disease": 0.0005984919677097581, "disgenet.variants_related_to_disease": 4.142250533575602e-05, "ctd.pathway_related_to_disease": 0.0022125488543682246}, "ss": {"disgenet.genes_related_to_disease": -0.9846402059546524, "disgenet.variants_related_to_disease": -0.6474232711708643, "ctd.pathway_related_to_disease": -0.8791661167769255}, "ss_inter": {"disgenet.genes_related_to_disease": {"6": -0.9128836500828367, "4": -0.975536229900614, "7": -1.0, "2": -1.0, "3": -1.0, "0": -1.0, "8": -1.0, "5": -1.0, "1": -1.0}, "disgenet.variants_related_to_disease": {"6": -0.9168409072815343, "4": -0.7041723039669122, "7": -0.27974586060839435, "2": -1.0, "3": -0.9818552342648497, "0": 0.6666666666666666, "8": -0.0694752335347783, "5": -1.0, "1": 0.3333333333333333}, "ctd.pathway_related_to_disease": {"4": -1.0, "2": -1.0, "3": -1.0, "5": -1.0, "7": -0.3333333333333333, "6": -0.8883282743477139, "0": 0.0, "8": -0.5, "1": 0.0}}, "dbi": {"disgenet.genes_related_to_disease": 269.5036923807019, "disgenet.variants_related_to_disease": 1787.971398417347, "ctd.pathway_related_to_disease": 49.64802971974062}}, "mapped_ids": {"disgenet.genes_related_to_disease": ["I00", "I01", "I02", "I05", "I06", "I09", "I10", "I11", "I12", "I13", "I14", "I15", "I20", "I21", "I22", "I23", "I24", "I25", "I26", "I27", "I31", "I33", "I34", "I40", "I42", "I43", "I44", "I45", "I46", "I47", "I48", "I49", "I50", "I51", "I60", "I61", "I62", "I63", "I64", "I65", "I66", "I67", "I68", "I69", "I70", "I71", "I72", "I73", "I75", "I77", "I78", "I80", "I81", "I82", "I83", "I85", "I86", "I87", "I88", "I89", "I95", "I99"], "disgenet.variants_related_to_disease": ["I00", "I01", "I02", "I05", "I06", "I09", "I10", "I11", "I12", "I13", "I14", "I15", "I20", "I21", "I22", "I23", "I24", "I25", "I26", "I27", "I31", "I40", "I42", "I43", "I44", "I45", "I46", "I47", "I48", "I49", "I50", "I51", "I60", "I61", "I62", "I63", "I64", "I65", "I66", "I67", "I68", "I69", "I70", "I71", "I72", "I73", "I77", "I78", "I81", "I82", "I83", "I85", "I86", "I88", "I89", "I95", "I99"], "ctd.pathway_related_to_disease": ["I00", "I06", "I10", "I11", "I12", "I13", "I14", "I15", "I20", "I21", "I22", "I23", "I24", "I25", "I26", "I27", "I31", "I40", "I42", "I44", "I45", "I46", "I47", "I49", "I50", "I51", "I60", "I61", "I62", "I63", "I64", "I65", "I66", "I67", "I68", "I69", "I70", "I72", "I73", "I75", "I77", "I82", "I83", "I85", "I95", "I99"]}}, "p_values": {"values": {"di": {"disgenet.genes_related_to_disease": 0.07892107892107893, "disgenet.variants_related_to_disease": 0.12287712287712288, "ctd.pathway_related_to_disease": 0.07992007992007992}, "ss": {"disgenet.genes_related_to_disease": 0.3066933066933067, "disgenet.variants_related_to_disease": 0.057942057942057944, "ctd.pathway_related_to_disease": 0.22877122877122877}, "dbi": {"disgenet.genes_related_to_disease": 0.35764235764235763, "disgenet.variants_related_to_disease": 0.8781218781218781, "ctd.pathway_related_to_disease": 0.011988011988011988}}}}