,di,ss,ss_inter,dbi
disgenet.genes_related_to_disease,0.0005984919677097581,-0.9846402059546524,"{6: -0.9128836500828367, 4: -0.975536229900614, 7: -1.0, 2: -1.0, 3: -1.0, 0: -1.0, 8: -1.0, 5: -1.0, 1: -1.0}",269.5036923807019
disgenet.variants_related_to_disease,4.142250533575602e-05,-0.6474232711708643,"{6: -0.9168409072815343, 4: -0.7041723039669122, 7: -0.27974586060839435, 2: -1.0, 3: -0.9818552342648497, 0: 0.6666666666666666, 8: -0.0694752335347783, 5: -1.0, 1: 0.3333333333333333}",1787.971398417347
ctd.pathway_related_to_disease,0.0022125488543682246,-0.8791661167769255,"{4: -1.0, 2: -1.0, 3: -1.0, 5: -1.0, 7: -0.3333333333333333, 6: -0.8883282743477139, 0: 0.0, 8: -0.5, 1: 0.0}",49.64802971974062
