,di,ss,dbi
disgenet.genes_related_to_disease,0.07892107892107893,0.3066933066933067,0.35764235764235763
disgenet.variants_related_to_disease,0.12287712287712288,0.057942057942057944,0.8781218781218781
ctd.pathway_related_to_disease,0.07992007992007992,0.22877122877122877,0.011988011988011988
