,DI-based,SS-based,DBI-based
<<<<<<< HEAD
related_genes,-7.332896218682327,3.7878845786399653,19.70173670431769
related_variants,0.5098274443999548,4.524287358928997,9.950938293773591
KEGG,0.42343295939746073,-0.7264657532457298,0.7146660512997866
=======
related_genes,-17.968934454206043,3.7627210837340392,4.062090686459757
related_variants,-4.156135333799659,2.558101994482761,3.394803705813006
KEGG,-20.545224565946658,3.0410179754772395,8.270698079577677
>>>>>>> c92a5a2780bd61bea0667497dd5adb63ffc68886
