{"input_values": {"values": {"DI-based": {"related_genes": -17.968934454206043, "related_variants": -4.156135333799659, "KEGG": -20.545224565946658}, "SS-based": {"related_genes": 3.7627210837340392, "related_variants": 2.558101994482761, "KEGG": 3.0410179754772395}, "DBI-based": {"related_genes": 4.062090686459757, "related_variants": 3.394803705813006, "KEGG": 8.270698079577677}}, "values_inter": {"related_genes": {"3": 6.607229490627498, "2": 1.0517006684386654, "4": 11.348310297099372, "7": 0.31020836263505475, "5": 0.7761194771577823, "8": 0.05422773530700692, "1": 0.25397336736559434, "6": 0.48372206025714864, "0": 0.1449410222210421}, "related_variants": {"3": 1.3791618764871107, "2": 0.5505308915238557, "4": 10.683887362090369, "5": 0.1523008068084876, "7": 0.3971727888955555, "8": -0.8678308765890685, "1": -0.03110419906686938, "6": 0.2466926708553744, "0": -0.22857142857142812}, "KEGG": {"2": 0.5194444444444551, "3": 9.305376985605193, "4": 5.496353000121231, "5": 0.500868573534675, "8": 0.11881188118811892, "6": 0.44627734897164933, "1": 0.0, "7": -0.03802730778292718, "0": 0.0}}, "mapped_ids": {"related_genes": ["I00", "I01", "I02", "I05", "I06", "I09", "I10", "I11", "I12", "I13", "I14", "I15", "I20", "I21", "I22", "I23", "I24", "I25", "I26", "I27", "I31", "I33", "I34", "I40", "I42", "I43", "I44", "I45", "I46", "I47", "I48", "I49", "I50", "I51", "I60", "I61", "I62", "I63", "I64", "I65", "I66", "I67", "I68", "I69", "I70", "I71", "I72", "I73", "I75", "I77", "I78", "I80", "I81", "I82", "I83", "I85", "I86", "I87", "I88", "I89", "I95", "I99"], "related_variants": ["I00", "I01", "I02", "I05", "I06", "I09", "I10", "I11", "I12", "I13", "I14", "I15", "I20", "I21", "I22", "I23", "I24", "I25", "I26", "I27", "I31", "I40", "I42", "I43", "I44", "I45", "I46", "I47", "I48", "I49", "I50", "I51", "I60", "I61", "I62", "I63", "I64", "I65", "I66", "I67", "I68", "I69", "I70", "I71", "I72", "I73", "I77", "I78", "I81", "I82", "I83", "I85", "I86", "I88", "I89", "I95", "I99"], "KEGG": ["I00", "I06", "I10", "I11", "I12", "I13", "I14", "I15", "I20", "I21", "I22", "I23", "I24", "I25", "I26", "I27", "I31", "I40", "I42", "I44", "I45", "I46", "I47", "I49", "I50", "I51", "I60", "I61", "I62", "I63", "I64", "I65", "I66", "I67", "I68", "I69", "I70", "I72", "I73", "I75", "I77", "I82", "I83", "I85", "I95", "I99"]}}, "p_values": {"values": {"DI-based": {"related_genes": 0.15784215784215785, "related_variants": 0.00999000999000999, "KEGG": 0.17482517482517482}, "SS-based": {"related_genes": 0.998001998001998, "related_variants": 0.7852147852147852, "KEGG": 0.9530469530469531}, "DBI-based": {"related_genes": 0.3176823176823177, "related_variants": 0.04895104895104895, "KEGG": 0.7532467532467533}}}}