,di,ss,dbi
disgenet.genes_related_to_disease,0.0005984919677097581,-0.9846402059546524,269.5036923807019
disgenet.variants_related_to_disease,4.142250533575602e-05,-0.6474232711708642,1787.971398417347
ctd.pathway_related_to_disease,0.0022125488543682246,-0.8791661167769255,49.64802971974062
