,DI-based,SS-based,DBI-based
related_genes,0.5124875124875125,0.017982017982017984,0.7382617382617382
related_variants,0.9660339660339661,0.001998001998001998,0.5374625374625375
KEGG,0.938061938061938,0.903096903096903,0.02197802197802198
