,DI-based,SS-based,DBI-based
related_genes,0.15784215784215785,0.998001998001998,0.3176823176823177
related_variants,0.00999000999000999,0.7852147852147852,0.04895104895104895
KEGG,0.17482517482517482,0.9530469530469531,0.7532467532467533
