,DI-based,SS-based,DBI-based
related_genes,-17.968934454206043,3.7627210837340392,4.062090686459757
related_variants,-4.156135333799659,2.558101994482761,3.394803705813006
KEGG,-20.545224565946658,3.0410179754772395,8.270698079577677
