,di,ss,dbi
disgenet.genes_related_to_disease,0.08191808191808192,0.3116883116883117,0.3776223776223776
disgenet.variants_related_to_disease,0.13486513486513488,0.04795204795204795,0.8961038961038961
ctd.pathway_related_to_disease,0.08591408591408592,0.22477522477522477,0.014985014985014986
