,DI-based,SS-based,DBI-based
related_genes,0.47052947052947053,0.01098901098901099,0.7392607392607392
related_variants,0.967032967032967,0.000999000999000999,0.5374625374625375
KEGG,0.9310689310689311,0.8771228771228772,0.03796203796203796
