,DI-based,SS-based,DBI-based
related_genes,-7.332896218682327,3.7878845786399635,19.70173670431769
related_variants,0.5098274443999548,4.5242873589289925,9.950938293773591
KEGG,0.42343295939746073,-0.7264657532457298,0.7146660512997866
