,di,ss,dbi
go.BP,0.06593406593406594,0.37362637362637363,0.14085914085914086
go.CC,0.3786213786213786,1.0,0.8121878121878122
go.MF,0.4035964035964036,1.0,0.7702297702297702
pathway.kegg,0.35064935064935066,1.0,0.7152847152847153
