,di,ss,ss_inter,dbi
go.BP,0.09752330904147728,-0.7,"{1: -0.6, 0: -0.8}",0.18098809453517906
go.CC,0.18169775024686174,-1.0,"{1: -1.0, 0: -1.0}",1.8356138682409613
go.MF,0.18487701322070252,-0.9,"{1: -0.8, 0: -1.0}",1.9623280532403575
pathway.kegg,0.2792934730710865,-0.9090909090909091,"{1: -0.8, 0: -1.0}",0.2751747066611894
