,DI-based,SS-based,DBI-based
GO.BP,0.12187812187812187,0.1258741258741259,0.12487512487512488
GO.CC,0.8201798201798202,0.24075924075924077,0.24775224775224775
GO.MF,0.7482517482517482,0.2967032967032967,0.3036963036963037
KEGG,0.6893106893106893,0.3596403596403596,0.35764235764235763
