{"input_values": {"values": {"DI-based": {"GO.BP": 0.9899276904108387, "GO.CC": 0.9876469892061929, "GO.MF": 0.9815906021412729, "KEGG": 0.9788318335051546}, "SS-based": {"GO.BP": 0.015676463143532958, "GO.CC": 0.07641012041364208, "GO.MF": 0.08476063609850905, "KEGG": 0.04734295373753947}, "DBI-based": {"GO.BP": 0.9820688871575038, "GO.CC": 0.9253155744883124, "GO.MF": 0.9199727419165625, "KEGG": 0.9591256834801415}}, "values_inter": {"GO.BP": {"0": 0.027822814711829437, "1": 0.0035301115752364833}, "GO.CC": {"0": 0.0861148587910198, "1": 0.06670538203626439}, "GO.MF": {"0": 0.09696340230856354, "1": 0.07255786988845456}, "KEGG": {"0": 0.0611772486772487, "1": 0.030741799809888382}}, "mapped_ids": {"GO.BP": ["AGR2", "AR", "CLSTN2", "COL9A3", "DNAH7", "EGFR", "ERBB4", "ESR1", "FOXA1", "KIF1A", "KRT16", "PALS2", "PGR", "RGS20", "S100A9", "SHC4", "SPDEF", "TAFA3", "TFF1", "ZIC1"], "GO.CC": ["AGR2", "AR", "CLSTN2", "COL9A3", "DNAH7", "EGFR", "ERBB4", "ESR1", "FOXA1", "KIF1A", "KRT16", "PALS2", "PGR", "RGS20", "S100A9", "SHC4", "SPDEF", "TAFA3", "TFF1", "ZIC1"], "GO.MF": ["AGR2", "AR", "CLSTN2", "COL9A3", "DNAH7", "EGFR", "ERBB4", "ESR1", "FOXA1", "KIF1A", "KRT16", "PALS2", "PGR", "RGS20", "S100A9", "SHC4", "SPDEF", "TAFA3", "TFF1", "ZIC1"], "KEGG": ["AR", "COL9A3", "DNAH7", "EGFR", "ERBB4", "ESR1", "KRT16", "PGR", "S100A9", "SHC4", "TFF1"]}}, "p_values": {"values": {"DI-based": {"GO.BP": 0.12187812187812187, "GO.CC": 0.8201798201798202, "GO.MF": 0.7482517482517482, "KEGG": 0.6893106893106893}, "SS-based": {"GO.BP": 0.1258741258741259, "GO.CC": 0.24075924075924077, "GO.MF": 0.2967032967032967, "KEGG": 0.3596403596403596}, "DBI-based": {"GO.BP": 0.12487512487512488, "GO.CC": 0.24775224775224775, "GO.MF": 0.3036963036963037, "KEGG": 0.35764235764235763}}}}