,di,ss,dbi
go.BP,0.07292707292707293,0.3776223776223776,0.13186813186813187
go.CC,0.3906093906093906,1.0,0.7882117882117882
go.MF,0.4225774225774226,1.0,0.7362637362637363
pathway.kegg,0.3676323676323676,1.0,0.6743256743256744
