{"input_values": {"values": {"di": {"go.BP": 0.09752330904147728, "go.CC": 0.18169775024686174, "go.MF": 0.18487701322070252, "pathway.kegg": 0.2792934730710865}, "ss": {"go.BP": -0.7, "go.CC": -1.0, "go.MF": -0.9, "pathway.kegg": -0.9090909090909091}, "dbi": {"go.BP": 0.18098809453517906, "go.CC": 1.8356138682409613, "go.MF": 1.9623280532403575, "pathway.kegg": 0.2751747066611894}}, "values_inter": {"go.BP": {"0": -0.8, "1": -0.6}, "go.CC": {"0": -1.0, "1": -1.0}, "go.MF": {"0": -1.0, "1": -0.8}, "pathway.kegg": {"1": -0.8, "0": -1.0}}, "mapped_ids": {"go.BP": ["AGR2", "AR", "CLSTN2", "COL9A3", "DNAH7", "EGFR", "ERBB4", "ESR1", "FOXA1", "KIF1A", "KRT16", "PALS2", "PGR", "RGS20", "S100A9", "SHC4", "SPDEF", "TAFA3", "TFF1", "ZIC1"], "go.CC": ["AGR2", "AR", "CLSTN2", "COL9A3", "DNAH7", "EGFR", "ERBB4", "ESR1", "FOXA1", "KIF1A", "KRT16", "PALS2", "PGR", "RGS20", "S100A9", "SHC4", "SPDEF", "TAFA3", "TFF1", "ZIC1"], "go.MF": ["AGR2", "AR", "CLSTN2", "COL9A3", "DNAH7", "EGFR", "ERBB4", "ESR1", "FOXA1", "KIF1A", "KRT16", "PALS2", "PGR", "RGS20", "S100A9", "SHC4", "SPDEF", "TAFA3", "TFF1", "ZIC1"], "pathway.kegg": ["AR", "COL9A3", "DNAH7", "EGFR", "ERBB4", "ESR1", "KRT16", "PGR", "S100A9", "SHC4", "TFF1"]}}, "p_values": {"values": {"di": {"go.BP": 0.07292707292707293, "go.CC": 0.3906093906093906, "go.MF": 0.4225774225774226, "pathway.kegg": 0.3676323676323676}, "ss": {"go.BP": 0.3776223776223776, "go.CC": 1.0, "go.MF": 1.0, "pathway.kegg": 1.0}, "dbi": {"go.BP": 0.13186813186813187, "go.CC": 0.7882117882117882, "go.MF": 0.7362637362637363, "pathway.kegg": 0.6743256743256744}}}}