,di,ss,dbi
go.BP,0.06293706293706294,0.3706293706293706,0.13686313686313686
go.CC,0.4005994005994006,1.0,0.8001998001998002
go.MF,0.4565434565434565,1.0,0.7572427572427572
pathway.kegg,0.34265734265734266,1.0,0.6933066933066933
