,DI-based,SS-based,DBI-based
GO.BP,0.9899276904108387,0.015676463143532958,0.9820688871575038
GO.CC,0.9876469892061929,0.07641012041364208,0.9253155744883124
GO.MF,0.9815906021412729,0.08476063609850903,0.9199727419165625
KEGG,0.9788318335051546,0.04734295373753947,0.9591256834801415
