,DI-based,SS-based,DBI-based
GO.BP,0.0939060939060939,0.15084915084915085,0.14485514485514486
GO.CC,0.8201798201798202,0.22977022977022976,0.23876123876123875
GO.MF,0.7802197802197802,0.2997002997002997,0.3016983016983017
KEGG,0.6553446553446554,0.36863136863136864,0.37462537462537465
