,DI-based,SS-based,DBI-based
GO.BP,0.10589410589410589,0.15984015984015984,0.15684315684315683
GO.CC,0.8131868131868132,0.26573426573426573,0.2677322677322677
GO.MF,0.7532467532467533,0.3066933066933067,0.3156843156843157
KEGG,0.6723276723276723,0.37462537462537465,0.3756243756243756
