{"input_values": {"values": {"JI-based": {"related_genes": -0.6947956908768302, "related_variants": 0.7249619895568798, "KEGG": -2.9263558429015664}}, "mapped_ids": {"related_genes": ["D000544", "D001249", "D003704", "D003924", "D006333", "D006973", "D008881", "D009203", "D010300", "D020521", "D050197"], "related_variants": ["D000544", "D001249", "D003704", "D003924", "D006333", "D006973", "D008881", "D009203", "D010300", "D020521", "D050197"], "KEGG": ["D000544", "D001249", "D003704", "D003924", "D006333", "D006973", "D008881", "D009203", "D010300", "D020521", "D050197"]}}, "p_values": {"values": {"JI-based": {"related_genes": 0.03596403596403597, "related_variants": 0.01098901098901099, "KEGG": 0.03196803196803197}}}}