{"input_values": {"values": {"set_value": {"disgenet.genes_related_to_disease": 1.6947956908768307, "disgenet.variants_related_to_disease": 0.2750380104431204, "ctd.pathway_related_to_disease": 3.9263558429015664}}, "mapped_ids": {"disgenet.genes_related_to_disease": ["D000544", "D001249", "D003704", "D003924", "D006333", "D006973", "D008881", "D009203", "D010300", "D020521", "D050197"], "disgenet.variants_related_to_disease": ["D000544", "D001249", "D003704", "D003924", "D006333", "D006973", "D008881", "D009203", "D010300", "D020521", "D050197"], "ctd.pathway_related_to_disease": ["D000544", "D001249", "D003704", "D003924", "D006333", "D006973", "D008881", "D009203", "D010300", "D020521", "D050197"]}}, "p_values": {"values": {"set_value": {"disgenet.genes_related_to_disease": 0.025974025974025976, "disgenet.variants_related_to_disease": 0.006993006993006993, "ctd.pathway_related_to_disease": 0.022977022977022976}}}}